l,m,n,Parity,Re/Im,a0,a1,a2,a3,a4,a5,a6,a7,a8,a9
2,0,0,Even,Re,0.010993336034336621,-0.00648466845339219,0.00025178351146673046,0.0008450327939382872,0.00014395460317938183,0.0001922625050878281,0.00017292589645902153,5.999372825163707e-05,9.387325413957923e-06,5.622860492730609e-07
2,0,0,Even,Im,-0.004418296821103803,-0.002085290414843363,0.0022898180393270493,3.347561199664771e-05,-0.0001584754441480026,9.768496264965652e-05,3.987249151222255e-05,-4.036825087655016e-06,-3.0233096714771747e-06,-3.115563768616613e-07
2,0,0,Odd,Re,0.011031214828663281,-0.007561313760171529,0.0008461988809113703,0.0006175511750712562,0.00020061572806640205,0.0004335578242248361,0.0002842185528869524,8.03794333659542e-05,1.0712845170406839e-05,5.533781714471485e-07
2,0,0,Odd,Im,0.0013083162103876436,-0.003637414840590869,0.0011936693296900106,-0.00012480283173453671,-3.6157198594141775e-05,8.671347181914474e-07,-8.800348113200342e-05,-5.192178350512913e-05,-1.094983701349043e-05,-8.142708715117296e-07
2,0,1,Even,Re,0.005273511653335267,-0.005150821815227445,0.0025546186756654848,0.006608279357922614,0.006250678967573265,0.006129163142683892,0.0035141147454828114,0.0010441321053528657,0.0001539697049333111,8.985588334669404e-06
2,0,1,Even,Im,-0.001005390067381426,0.004709896043270855,0.011344499342004814,0.0018079736134873634,-0.00032323471658463363,-0.000775812681867869,-0.001130668890871174,-0.0005747227763149297,-0.00012188224572463157,-9.399622978092652e-06
2,0,1,Odd,Re,0.0036664384688716444,-0.010500547235762384,0.0043374269627601105,0.0048985556521566375,0.0038889432679426075,0.00561770592154858,0.0036427830065631924,0.001107609311588588,0.00016160516041710502,9.192374302269554e-06
2,0,1,Odd,Im,-0.0024956406767962284,-0.016158998039234266,0.00028645086678977185,-0.0062473282683431506,-0.0035104218017279246,-0.0018213679660531558,-0.0016719851124334844,-0.000782644432825695,-0.00016084152411739407,-1.2168193869546725e-05
2,1,0,Even,Re,0.011277824242645531,-0.027527567873659745,-0.04428545949965537,-0.11960572053252452,-0.1505445847923065,-0.11357022378072305,-0.052039742175633216,-0.014099636938835071,-0.0020754303608409145,-0.0001277231300891009
2,1,0,Even,Im,-0.00451274362893985,0.0008097490133903766,0.03330932206342514,0.048839031523985436,0.06110146604671087,0.04536401166497291,0.020540985970241902,0.005526252033480956,0.0008083283658531358,4.944866328381162e-05
2,1,0,Odd,Re,0.011539958988547613,-0.044797829913859034,-0.09169722520083268,-0.2175957554961493,-0.27372703324614117,-0.20715151405379728,-0.09488911281339707,-0.025685614250679664,-0.0037773362503651987,-0.0002322328115770062
2,1,0,Odd,Im,0.0017023743485962992,-0.02958212735885116,-0.08040872447874041,-0.1736411380163616,-0.2187851933424489,-0.1652630272674754,-0.07531996091922022,-0.020335487708242332,-0.002988505230538329,-0.000183700935122888
2,1,1,Even,Re,0.005098742312474114,0.001563412102738673,0.06258345064791146,0.09005952064118111,0.10733183306143942,0.08198499335722184,0.0376353826431709,0.010237069073023145,0.0015122239354390255,9.395079155157086e-05
2,1,1,Even,Im,-0.0008737471569849501,-0.010354908501895686,-0.009264656495327553,-0.06198254183278055,-0.0649358803755357,-0.04660950871543125,-0.02051170810568806,-0.005308341474400114,-0.0007329925106816317,-4.0708626046688656e-05
2,1,1,Odd,Re,0.004572799776602706,-0.08035464079520985,-0.16160869647389373,-0.38423061106084694,-0.48538304123163384,-0.3634795294092802,-0.16544748288023728,-0.04464381377584145,-0.006554349215311356,-0.00040171769617367367
2,1,1,Odd,Im,-0.0026371118759984566,0.001469831097771848,0.044220104671033385,0.06659354861901517,0.09559594584728852,0.07281577063072035,0.03345328367669915,0.009152114199401226,0.001376428638360483,8.80215187923341e-05
2,2,0,Even,Re,0.011553646946207589,-0.05355402784325678,-0.0571878935851037,-0.2249430832655916,-0.2817749458442916,-0.2127516240661767,-0.0977745698336756,-0.02661348961284525,-0.0039311596566949675,-0.00024235958933261102
2,2,0,Even,Im,-0.004610283842525919,-0.00032155724628722134,0.06712427978210665,0.10832589162795045,0.13266470618032306,0.09902591390529919,0.0447309058418593,0.01197376064814126,0.001746121690402967,0.0001066502947993907
2,2,0,Odd,Re,0.012052251390349543,-0.08835881253775639,-0.19854445123936154,-0.4455006515629797,-0.5583708735053137,-0.43007098605096566,-0.19945697076937205,-0.05435061437847626,-0.008010056300541333,-0.0004921855894515533
2,2,0,Odd,Im,0.002097509702321385,-0.05684793692710151,-0.16690923637379004,-0.35418652021942926,-0.4581161250883515,-0.3469544967399581,-0.15663382334648587,-0.041744621816837954,-0.006059599016936665,-0.0003687697187049518
2,2,1,Even,Re,0.0049028462147030945,0.0001540526857945789,0.1547571067174542,0.22663370722086454,0.2850779838795243,0.21601560708617967,0.09879669674641366,0.02668987158515057,0.003915808344487872,0.00024002623516516098
2,2,1,Even,Im,-0.0007398000286943857,-0.03709860453043481,-0.06504556434006506,-0.12142744428936642,-0.1255506989816842,-0.09334683180172375,-0.044028496439340814,-0.012335519583666393,-0.0018669677261761862,-0.00011736169890300457
2,2,1,Odd,Re,0.005456090163576627,-0.1690973494210541,-0.364736392720684,-0.8914434602046516,-1.219790173460633,-0.9343217807378665,-0.41658667193756527,-0.10842216439004672,-0.015311535890616769,-0.0009069382888391766
2,2,1,Odd,Im,-0.002770834875607981,0.0405938310581686,0.10996281957854878,0.1141302441274835,0.2194801893926474,0.25076491215499547,0.1453333717031531,0.044700393696439,0.007038498570158541,0.0004482379428245259
2,2,2,Even,Re,0.01466978303709862,-0.0017119937993984613,0.15103537930329597,0.38765909519699066,0.5958067067171184,0.47867900038185945,0.22033926023069608,0.058685434425988565,0.008422108831115329,0.0005040467545407692
2,2,2,Even,Im,0.005416260680090462,-0.18958398518902073,-0.5538311550924233,-1.10609296372416,-1.3799779303415276,-1.0746498487945815,-0.5074823978787827,-0.14093361024291007,-0.02112724937018632,-0.0013166568071290058
2,2,2,Odd,Re,-0.00940275664894745,-0.08305171718085057,-0.2837092251324436,-0.7822291254590701,-0.3825996650670754,0.35697241586295825,0.4377397447261726,0.17848999428813106,0.032997748362649196,0.002338400818775317
2,2,2,Odd,Im,0.014241669566328068,0.23016271512709652,0.6698164883818801,1.9934429029735459,3.343084462522812,2.838880772560939,1.3274361060296342,0.34988828564561836,0.048935778672430166,0.002830887097586755
3,2,0,Even,Re,0.015169124288225156,-0.06145784818600357,-0.1179970816818441,-0.3016003361388316,-0.3792265921134757,-0.2867894428338621,-0.13125967725936055,-0.03554056292959318,-0.005229586366156646,-0.00032158214103620734
3,2,0,Even,Im,-0.0008210371342163778,-0.005181061167208513,0.011868595673003416,0.005760485710432038,0.00736662864364967,0.0044438761604481125,0.001828391871769683,0.00046598068176205133,6.599072916953593e-05,3.967320294518513e-06
3,2,0,Odd,Re,0.013913657302320902,-0.06670426065636634,-0.13187827808212815,-0.3244689959743039,-0.40519253882204853,-0.30647288271697976,-0.14026511611629422,-0.037966524164778,-0.005584756703185121,-0.0003433446582329217
3,2,0,Odd,Im,0.0010276374486504988,-0.023327826124729206,-0.059920921998187736,-0.13557945068641322,-0.1689567235695758,-0.12730089324274227,-0.057935003052629545,-0.015637196303766435,-0.002297069242960346,-0.00014111339924690762
3,2,1,Even,Re,0.013467511315316873,-0.054945481114948645,-0.08031640280760076,-0.22974291943485872,-0.29417915946494416,-0.22311180574232328,-0.10223540090546562,-0.027699125758437037,-0.004078385354285135,-0.00025085863943020574
3,2,1,Even,Im,-0.0025664915098190795,-0.013591749302910702,0.01745925245300965,-0.0078101881955779705,-0.002407277430892355,-0.0031216757063130918,-0.0017285402177188844,-0.0005432104631518555,-8.836791076193755e-05,-5.877442441559575e-06
3,2,1,Odd,Re,0.013276397737949334,-0.08676177190568617,-0.1792269257029849,-0.4278937684257351,-0.5356334710227562,-0.40362408327049,-0.18437632458367645,-0.04987156158416554,-0.007334835352880441,-0.0004508770473214942
3,2,1,Odd,Im,-0.0005238836468766858,-0.025098344296469607,-0.035630174015364904,-0.1218958440409832,-0.14645500810158146,-0.11123689844481334,-0.0508360218675136,-0.013773817352558216,-0.002028696244019502,-0.00012491737082893312
3,3,0,Even,Re,0.01551978846446813,-0.0949165380435701,-0.1594616797602031,-0.45214374038112765,-0.5598225625187858,-0.4238690290216282,-0.1941780435063387,-0.05262271382348027,-0.00774583228351157,-0.00047639523634905806
3,3,0,Even,Im,-0.0008190682679249749,-0.00821379456717184,0.02148752234441019,0.0077533324853677355,0.010848091663512312,0.007045160449121628,0.0026761785914917497,0.0006262961114016008,8.422113651702339e-05,4.928229491663391e-06
3,3,0,Odd,Re,0.014287422723235693,-0.10335864196897816,-0.18409720959841716,-0.4806794046430751,-0.5981604988472845,-0.4539079051845854,-0.20790211946418763,-0.05627070006244322,-0.008270510317678571,-0.0005079933035738508
3,3,0,Odd,Im,0.0011791930534358682,-0.03471862227399115,-0.09235800927038662,-0.20093336768426157,-0.25239982697353136,-0.18997655378591377,-0.08615614159069794,-0.023171929654529636,-0.0033968638847932738,-0.0002085635794751771
3,3,1,Even,Re,0.013748302388091431,-0.08340546768138755,-0.10042448533439782,-0.34193578115879275,-0.4295049838527115,-0.3273156629932856,-0.15049293606457456,-0.04090017206057797,-0.006033204140572779,-0.0003716312565698581
3,3,1,Even,Im,-0.0025487967745014923,-0.020982101549184735,0.023392460207557794,-0.004159071151032543,5.415607212098597e-05,-0.002807985705198992,-0.0023531336309158377,-0.0008088464070911493,-0.00013128114448766705,-8.407414955491857e-06
3,3,1,Odd,Re,0.01376700667506937,-0.13595288542348863,-0.2589854222414134,-0.6309380002038693,-0.7915495648402691,-0.5970213896467008,-0.2713722567985007,-0.07305918019621162,-0.010708475470641602,-0.0006570799130390705
3,3,1,Odd,Im,-0.00038374994863223875,-0.03308664420112733,-0.05757737266669883,-0.18335639324338815,-0.22519988079969888,-0.16588358953493634,-0.0748791552189147,-0.020302834851568904,-0.0030132337849442374,-0.00018725818483362878
4,2,0,Even,Re,0.01794112001914811,-0.062249052545695016,-0.12672825827334455,-0.307168884346748,-0.38839263017004905,-0.29294674692705597,-0.13396544279042102,-0.036257596917163355,-0.005332149956212958,-0.00032774848182580115
4,2,0,Even,Im,1.5482594642549965e-05,-0.005504355898219117,0.00040301115651673896,-0.011918993648228593,-0.014959647590084021,-0.011686332185639017,-0.005435776348773991,-0.0014839501285052814,-0.00022071870633961512,-1.3763049379741761e-05
4,2,0,Odd,Re,0.01709365086731431,-0.06371976292301013,-0.12939395331053624,-0.3102446137851555,-0.3916361031647218,-0.29541746544746,-0.13513626506071827,-0.036581315491867765,-0.005380084378423099,-0.00033069039749406503
4,2,0,Odd,Im,0.0005842863375454041,-0.013367578622794161,-0.029874275372410383,-0.07117270018607816,-0.08781635811225721,-0.06627278728941466,-0.030262464979013918,-0.008174607759036216,-0.0012016421215377048,-7.392296589690822e-05
4,4,0,Even,Re,0.01865306723497436,-0.1301998858207848,-0.21764131873034087,-0.6109041907550683,-0.7552664064241199,-0.5723747328320287,-0.2621084985514998,-0.07100777827183263,-0.010449943503074158,-0.0006426501866981131
4,4,0,Even,Im,5.2094437155966265e-05,-0.011013158446496854,0.0029432750169424513,-0.026374302267869586,-0.03037845100979925,-0.02389364040725065,-0.011226085914236406,-0.003076636662164095,-0.00045473294957117024,-2.801326527708052e-05
4,4,0,Odd,Re,0.017811496114673604,-0.13335024157143843,-0.2225847607992878,-0.6131303739319047,-0.7599843586380624,-0.5763258823551025,-0.26399011497012864,-0.07152215377701814,-0.010524912706458226,-0.0006471819506974003
4,4,0,Odd,Im,0.0007434346572224073,-0.026066390058581853,-0.06040165345432381,-0.139295386018007,-0.1737156011311206,-0.13139779981036137,-0.05985182088890442,-0.01614335282397803,-0.0023699526297110965,-0.00014559332094340427
5,5,0,Even,Re,0.022137498267257014,-0.16543974811920995,-0.2716931084182932,-0.7681611011087703,-0.9483534014867138,-0.7191707648895261,-0.32935004103266746,-0.08923181175160047,-0.013132975067281377,-0.0008077067073622628
5,5,0,Even,Im,0.00025195473891949935,-0.011834112567264968,-0.003749132553502802,-0.03777374151826297,-0.0439999145605996,-0.03414285039119308,-0.015821216247602545,-0.0042989078162359515,-0.0006325332832561428,-3.8879264631106204e-05
5,5,0,Odd,Re,0.021606992797296835,-0.1669603409227401,-0.2722865229953359,-0.7661789695784796,-0.9472305579107497,-0.7184417980447082,-0.329079575235513,-0.08917475417953095,-0.013126046947908244,-0.0008073240329650776
5,5,0,Odd,Im,0.0005237421671392719,-0.02156931635859791,-0.043560285042720144,-0.10793176613516836,-0.13369270907713351,-0.10146373915974574,-0.04632743351009565,-0.012512765184894675,-0.0018380635496324268,-0.00011293977542710252
6,6,0,Even,Re,0.025828516451234143,-0.2008334705296977,-0.32555519434654956,-0.9271796053159514,-1.1432225258885471,-0.8673730443906579,-0.3972405091642884,-0.10763374550112749,-0.01584257354693108,-0.0009744232928790821
6,6,0,Even,Im,0.0002870947789725612,-0.012093982047419561,-0.006412690364416046,-0.0421687597066921,-0.049171689801607334,-0.03806857182521427,-0.01759101389199337,-0.004772930190323083,-0.0007019407058430125,-4.314514340095858e-05
6,6,0,Odd,Re,0.025483434557226615,-0.20168853128717212,-0.3250928924114607,-0.9248360702395794,-1.1412364784845044,-0.8658649752731133,-0.39659235962966916,-0.10747371782777174,-0.01582072720533092,-0.0009731426356144608
6,6,0,Odd,Im,0.00040037217465174334,-0.01893112998808437,-0.03366524437417647,-0.08996813980561809,-0.11066832093390343,-0.08420708378564415,-0.03852000191701127,-0.0104167244740509,-0.0015312423634108174,-9.412841237589351e-05
7,7,0,Even,Re,0.029624595395786105,-0.23627574086899789,-0.37950668456379544,-1.0871302333972757,-1.338925769558393,-1.0162201577205785,-0.46540083683888245,-0.12610198032928827,-0.018561092350714698,-0.0011416473617477385
7,7,0,Even,Im,0.0002785595964202572,-0.012177741744301316,-0.007544821229889341,-0.04401178885716584,-0.05122894947707538,-0.03960230942347513,-0.01826581845659198,-0.004949890290609302,-0.0007273093399729799,-4.467086554291667e-05
7,7,0,Odd,Re,0.02939041152523154,-0.23680672777606754,-0.37883920595901194,-1.0851349370544299,-1.3371023429324307,-1.0147845082828402,-0.4647747775319053,-0.1259465076165198,-0.018539885399702017,-0.0011404101018724015
7,7,0,Odd,Im,0.00032467825666603,-0.017256590837014973,-0.027376088183886437,-0.07874929960033589,-0.09616313997446972,-0.07328305847607243,-0.033554751316180124,-0.009078269853854265,-0.0013345855543900039,-8.202936859010616e-05
8,8,0,Even,Re,0.03347610904946954,-0.2717132547120432,-0.4335234923796651,-1.247588062636834,-1.5351246682608264,-1.1655181357082454,-0.5337741298498863,-0.14462918285137927,-0.021288528599901164,-0.0013094378025043229
8,8,0,Even,Im,0.00025958388135629407,-0.012200565583526075,-0.008030427648665631,-0.04482456246315064,-0.052076143883075805,-0.040232841293570396,-0.018542664308349673,-0.0050233970903077315,-0.0007380146386343196,-4.532433149298741e-05
8,8,0,Odd,Re,0.033310885901382155,-0.2720667266545269,-0.43288325259192845,-1.2459978755805783,-1.5336199486128055,-1.164303303174165,-0.5332419301695488,-0.14449731014864414,-0.02127061904002897,-0.0013083975887895017
8,8,0,Odd,Im,0.00027504099737472615,-0.01612792090189928,-0.02311528803872769,-0.0712458358585693,-0.08640116326066409,-0.0659283247319451,-0.030213017025078507,-0.008178467911836981,-0.0012025792025751414,-7.39214507145898e-05
9,9,0,Even,Re,0.03735882820429027,-0.3071074395863073,-0.4873875954963731,-1.4076982907941322,-1.7305770808476109,-1.3141581461166458,-0.6017931108856801,-0.16304790063887062,-0.02399849366551851,-0.001476080186070921
9,9,0,Even,Im,0.0002401140988091452,-0.012190257315029013,-0.008104606191566045,-0.04473354336863428,-0.05158455663152006,-0.03966921984577171,-0.018198147225417186,-0.004910068949572209,-0.0007187735446255318,-4.4003372332979185e-05
9,9,0,Odd,Re,0.03723828679724861,-0.3073564872041454,-0.48684511340602665,-1.4064985038183613,-1.729459051150469,-1.3132501478547596,-0.6014048731866504,-0.1629552270194671,-0.023986393397601544,-0.0014754016611913674
9,9,0,Odd,Im,0.00024095632380104147,-0.015320831925368017,-0.01997192266329684,-0.06552683752211004,-0.07868856937468346,-0.059927499089406026,-0.027402117566628324,-0.007400730374763594,-0.0010857872381616158,-6.660557271315147e-05
2,-2,0,Even,Re,0.010433014750908387,0.027325232659934934,0.10076219145827736,0.22245621552913455,0.2829666111609104,0.214477519882338,0.09831486634929155,0.02666456242898984,0.0039287978925022496,0.00024185065323250481
2,-2,0,Even,Im,-0.004226247639626237,-0.01772312566177962,-0.05530930127671228,-0.11015828027809155,-0.13296889908663662,-0.09793424653693768,-0.044122788439945784,-0.011832732942167084,-0.0017299272600333562,-0.00010589434124444903
2,-2,0,Odd,Re,0.010009756679835089,0.04511360969799153,0.19443159979430286,0.43663652251631596,0.5545508143726812,0.4189817351143426,0.1915444934190475,0.05184460504804952,0.007627208058909237,0.0004689734292638994
2,-2,0,Odd,Im,0.0005172531238240331,0.04260719126535862,0.1636433152530043,0.35555423623064053,0.4461987159207586,0.33529554729867694,0.15284185932390054,0.04129684754603264,0.006068502071126053,0.00037283647874020967
2,-2,1,Even,Re,0.00561581642683247,-0.029464377988189235,-0.12996337952708079,-0.3025378268989079,-0.4148849231956648,-0.3466764270546969,-0.17771356892091592,-0.054414915971371436,-0.009115298653998828,-0.0006416502614471089
2,-2,1,Even,Im,-0.0012538294693013557,-0.0009564690459725303,0.04060684865441763,0.13460510225906622,0.20837697585509707,0.18386079016639936,0.09701112357445725,0.030219943947498478,0.005119158254882378,0.0003631429447336065
2,-2,1,Odd,Re,0.0019470364855581903,0.07876370344807807,0.424261076057129,1.0829688402808948,1.557436418751223,1.336687126474709,0.6965446033842958,0.21559265033351355,0.036387372090993894,0.002575445206207085
2,-2,1,Odd,Im,-0.002238522252831144,0.004091087484063152,-0.03707541633586535,-0.13225243145035567,-0.20868206455471347,-0.18572615742474513,-0.09846575330266145,-0.030764012941044624,-0.0052215719892024,-0.00037091723039978547
2,-1,0,Even,Re,0.010708775337224816,0.011238746424163122,0.05279534330399539,0.11847404869136463,0.15030473428634056,0.11359747080366417,0.05196899084279402,0.014075747166423427,0.0020719538522939035,0.00012745634274492204
2,-1,0,Even,Im,-0.004323940527894187,-0.008455450448859278,-0.02428583473220346,-0.04991550146040588,-0.0613567742095328,-0.04557957829362903,-0.020628363528140677,-0.005547144815007667,-0.0008124491934321094,-4.979613800449092e-05
2,-1,0,Odd,Re,0.010522319889828009,0.022643424830466916,0.09669030701537089,0.21613489415035755,0.27404093229654686,0.206938000167574,0.09459481740765292,0.025604527069036518,0.003767156397908961,0.00023165110867370457
2,-1,0,Odd,Im,0.0009141785833323881,0.020592873085331,0.07984204611257316,0.17395812616397988,0.21884928412326696,0.1647546614750695,0.07519622244881967,0.020334961649099186,0.002989985909107584,0.00018377818147834085
2,-1,1,Even,Re,0.010708775337224816,0.011238746424163122,0.05279534330399539,0.11847404869136463,0.15030473428634056,0.11359747080366417,0.05196899084279402,0.014075747166423427,0.0020719538522939035,0.00012745634274492204
2,-1,1,Even,Im,-0.004323940527894187,-0.008455450448859278,-0.02428583473220346,-0.04991550146040588,-0.0613567742095328,-0.04557957829362903,-0.020628363528140677,-0.005547144815007667,-0.0008124491934321094,-4.979613800449092e-05
2,-1,1,Odd,Re,0.010522319889828009,0.022643424830466916,0.09669030701537089,0.21613489415035755,0.27404093229654686,0.206938000167574,0.09459481740765292,0.025604527069036518,0.003767156397908961,0.00023165110867370457
2,-1,1,Odd,Im,0.0009141785833323881,0.020592873085331,0.07984204611257316,0.17395812616397988,0.21884928412326696,0.1647546614750695,0.07519622244881967,0.020334961649099186,0.002989985909107584,0.00018377818147834085
